{"proxies":{"ti.network.manager.TiHTTPStreamProxy":{"superPackageName":"org.appcelerator.kroll","methods":{"cancel":{"runOnUiThread":false,"hasInvocation":false,"args":[],"apiName":"cancel","converter":"org.appcelerator.kroll.KrollConverter","defaultValueProvider":"org.appcelerator.kroll.KrollConverter","name":"__default_name__","returnType":"void"},"start":{"runOnUiThread":false,"hasInvocation":false,"args":[],"apiName":"start","converter":"org.appcelerator.kroll.KrollConverter","defaultValueProvider":"org.appcelerator.kroll.KrollConverter","name":"__default_name__","returnType":"void"}},"superProxyBindingClassName":"org.appcelerator.kroll.KrollProxyBindingGen","proxyClassName":"TiHTTPStreamProxy","proxyAttrs":{"propertyAccessors":[],"fullAPIName":"TiNetworkManager.TiHTTPStream","name":"TiHTTPStream","proxyClassName":"ti.network.manager.TiHTTPStreamProxy","isTopLevel":false,"id":"ti.network.manager.TiHTTPStreamProxy","creatableInModule":"ti.network.manager.TiNetworkManagerModule","parentModule":"org.appcelerator.kroll.annotations.Kroll.DEFAULT"},"packageName":"ti.network.manager","sourceName":"ti.network.manager.TiHTTPStreamProxyBindingGen","isTitaniumSdk":false,"superProxyClassName":"KrollProxy","isModule":false,"genClassName":"TiHTTPStreamProxyBindingGen"},"ti.network.manager.TNMMultipartUploadProxy":{"superPackageName":"org.appcelerator.kroll","methods":{"cancel":{"runOnUiThread":false,"hasInvocation":false,"args":[],"apiName":"cancel","converter":"org.appcelerator.kroll.KrollConverter","defaultValueProvider":"org.appcelerator.kroll.KrollConverter","name":"__default_name__","returnType":"void"},"upload":{"runOnUiThread":false,"hasInvocation":false,"args":[],"apiName":"upload","converter":"org.appcelerator.kroll.KrollConverter","defaultValueProvider":"org.appcelerator.kroll.KrollConverter","name":"__default_name__","returnType":"void"}},"superProxyBindingClassName":"org.appcelerator.kroll.KrollProxyBindingGen","proxyClassName":"TNMMultipartUploadProxy","proxyAttrs":{"propertyAccessors":[],"fullAPIName":"TiNetworkManager.TNMMultipartUpload","name":"TNMMultipartUpload","proxyClassName":"ti.network.manager.TNMMultipartUploadProxy","isTopLevel":false,"id":"ti.network.manager.TNMMultipartUploadProxy","creatableInModule":"ti.network.manager.TiNetworkManagerModule","parentModule":"org.appcelerator.kroll.annotations.Kroll.DEFAULT"},"packageName":"ti.network.manager","sourceName":"ti.network.manager.TNMMultipartUploadProxyBindingGen","isTitaniumSdk":false,"superProxyClassName":"KrollProxy","isModule":false,"genClassName":"TNMMultipartUploadProxyBindingGen"},"ti.network.manager.TNMBackgroundTransferProxy":{"superPackageName":"org.appcelerator.kroll","methods":{"resume":{"runOnUiThread":false,"hasInvocation":false,"args":[],"apiName":"resume","converter":"org.appcelerator.kroll.KrollConverter","defaultValueProvider":"org.appcelerator.kroll.KrollConverter","name":"__default_name__","returnType":"void"},"cancel":{"runOnUiThread":false,"hasInvocation":false,"args":[],"apiName":"cancel","converter":"org.appcelerator.kroll.KrollConverter","defaultValueProvider":"org.appcelerator.kroll.KrollConverter","name":"__default_name__","returnType":"void"},"start":{"runOnUiThread":false,"hasInvocation":false,"args":[],"apiName":"start","converter":"org.appcelerator.kroll.KrollConverter","defaultValueProvider":"org.appcelerator.kroll.KrollConverter","name":"__default_name__","returnType":"void"},"pause":{"runOnUiThread":false,"hasInvocation":false,"args":[],"apiName":"pause","converter":"org.appcelerator.kroll.KrollConverter","defaultValueProvider":"org.appcelerator.kroll.KrollConverter","name":"__default_name__","returnType":"void"}},"superProxyBindingClassName":"org.appcelerator.kroll.KrollProxyBindingGen","proxyClassName":"TNMBackgroundTransferProxy","proxyAttrs":{"propertyAccessors":[],"fullAPIName":"TiNetworkManager.TNMBackgroundTransfer","name":"TNMBackgroundTransfer","proxyClassName":"ti.network.manager.TNMBackgroundTransferProxy","isTopLevel":false,"id":"ti.network.manager.TNMBackgroundTransferProxy","creatableInModule":"ti.network.manager.TiNetworkManagerModule","parentModule":"org.appcelerator.kroll.annotations.Kroll.DEFAULT"},"packageName":"ti.network.manager","sourceName":"ti.network.manager.TNMBackgroundTransferProxyBindingGen","isTitaniumSdk":false,"superProxyClassName":"KrollProxy","isModule":false,"genClassName":"TNMBackgroundTransferProxyBindingGen"},"ti.network.manager.TiNetworkManagerModule":{"superPackageName":"org.appcelerator.kroll","methods":{"createStreamRequest":{"runOnUiThread":false,"hasInvocation":false,"args":[{"converter":"org.appcelerator.kroll.KrollConverter","defaultValueProvider":"org.appcelerator.kroll.KrollConverter","name":"params","sourceName":"params","type":"org.appcelerator.kroll.KrollDict"}],"apiName":"createStreamRequest","converter":"org.appcelerator.kroll.KrollConverter","defaultValueProvider":"org.appcelerator.kroll.KrollConverter","name":"__default_name__","returnType":"ti.network.manager.TiHTTPStreamProxy"},"getName":{"runOnUiThread":false,"hasInvocation":false,"args":[],"apiName":"getName","converter":"org.appcelerator.kroll.KrollConverter","defaultValueProvider":"org.appcelerator.kroll.KrollConverter","name":"__default_name__","returnType":"java.lang.String"},"setCertificatePinning":{"runOnUiThread":false,"hasInvocation":false,"args":[{"converter":"org.appcelerator.kroll.KrollConverter","defaultValueProvider":"org.appcelerator.kroll.KrollConverter","name":"domain","sourceName":"domain","type":"java.lang.String"},{"converter":"org.appcelerator.kroll.KrollConverter","defaultValueProvider":"org.appcelerator.kroll.KrollConverter","name":"hashes","sourceName":"hashes","type":"java.lang.Object[]"}],"apiName":"setCertificatePinning","converter":"org.appcelerator.kroll.KrollConverter","defaultValueProvider":"org.appcelerator.kroll.KrollConverter","name":"__default_name__","returnType":"void"},"createRequest":{"runOnUiThread":false,"hasInvocation":false,"args":[{"converter":"org.appcelerator.kroll.KrollConverter","defaultValueProvider":"org.appcelerator.kroll.KrollConverter","name":"params","sourceName":"params","type":"org.appcelerator.kroll.KrollDict"}],"apiName":"createRequest","converter":"org.appcelerator.kroll.KrollConverter","defaultValueProvider":"org.appcelerator.kroll.KrollConverter","name":"__default_name__","returnType":"ti.network.manager.TNMRequestProxy"},"createWebSocket":{"runOnUiThread":false,"hasInvocation":false,"args":[{"converter":"org.appcelerator.kroll.KrollConverter","defaultValueProvider":"org.appcelerator.kroll.KrollConverter","name":"params","sourceName":"params","type":"org.appcelerator.kroll.KrollDict"}],"apiName":"createWebSocket","converter":"org.appcelerator.kroll.KrollConverter","defaultValueProvider":"org.appcelerator.kroll.KrollConverter","name":"__default_name__","returnType":"ti.network.manager.TNMWebSocketProxy"},"clearCache":{"runOnUiThread":false,"hasInvocation":false,"args":[{"converter":"org.appcelerator.kroll.KrollConverter","defaultValueProvider":"org.appcelerator.kroll.KrollConverter","name":"domain","sourceName":"domain","type":"java.lang.Object"}],"apiName":"clearCache","converter":"org.appcelerator.kroll.KrollConverter","defaultValueProvider":"org.appcelerator.kroll.KrollConverter","name":"__default_name__","returnType":"void"},"createMultipartUpload":{"runOnUiThread":false,"hasInvocation":false,"args":[{"converter":"org.appcelerator.kroll.KrollConverter","defaultValueProvider":"org.appcelerator.kroll.KrollConverter","name":"params","sourceName":"params","type":"org.appcelerator.kroll.KrollDict"}],"apiName":"createMultipartUpload","converter":"org.appcelerator.kroll.KrollConverter","defaultValueProvider":"org.appcelerator.kroll.KrollConverter","name":"__default_name__","returnType":"ti.network.manager.TNMMultipartUploadProxy"},"addResponseInterceptor":{"runOnUiThread":false,"hasInvocation":false,"args":[{"converter":"org.appcelerator.kroll.KrollConverter","defaultValueProvider":"org.appcelerator.kroll.KrollConverter","name":"callback","sourceName":"callback","type":"org.appcelerator.kroll.KrollFunction"}],"apiName":"addResponseInterceptor","converter":"org.appcelerator.kroll.KrollConverter","defaultValueProvider":"org.appcelerator.kroll.KrollConverter","name":"__default_name__","returnType":"void"},"createBackgroundTransfer":{"runOnUiThread":false,"hasInvocation":false,"args":[{"converter":"org.appcelerator.kroll.KrollConverter","defaultValueProvider":"org.appcelerator.kroll.KrollConverter","name":"params","sourceName":"params","type":"org.appcelerator.kroll.KrollDict"}],"apiName":"createBackgroundTransfer","converter":"org.appcelerator.kroll.KrollConverter","defaultValueProvider":"org.appcelerator.kroll.KrollConverter","name":"__default_name__","returnType":"ti.network.manager.TNMBackgroundTransferProxy"},"addRequestInterceptor":{"runOnUiThread":false,"hasInvocation":false,"args":[{"converter":"org.appcelerator.kroll.KrollConverter","defaultValueProvider":"org.appcelerator.kroll.KrollConverter","name":"callback","sourceName":"callback","type":"org.appcelerator.kroll.KrollFunction"}],"apiName":"addRequestInterceptor","converter":"org.appcelerator.kroll.KrollConverter","defaultValueProvider":"org.appcelerator.kroll.KrollConverter","name":"__default_name__","returnType":"void"}},"superProxyBindingClassName":"org.appcelerator.kroll.KrollModuleBindingGen","proxyClassName":"TiNetworkManagerModule","proxyAttrs":{"propertyAccessors":[],"fullAPIName":"TiNetworkManager","name":"TiNetworkManager","proxyClassName":"ti.network.manager.TiNetworkManagerModule","isTopLevel":false,"id":"ti.network.manager"},"packageName":"ti.network.manager","sourceName":"ti.network.manager.TiNetworkManagerModuleBindingGen","constants":{"PRIORITY_NORMAL":{"proxyName":"PRIORITY_NORMAL","name":"PRIORITY_NORMAL","type":"float","value":0.5},"CACHE_POLICY_CACHE_FIRST":{"proxyName":"CACHE_POLICY_CACHE_FIRST","name":"CACHE_POLICY_CACHE_FIRST","type":"java.lang.String","value":"cache-first"},"RETRY_BACKOFF_LINEAR":{"proxyName":"RETRY_BACKOFF_LINEAR","name":"RETRY_BACKOFF_LINEAR","type":"java.lang.String","value":"linear"},"PRIORITY_LOW":{"proxyName":"PRIORITY_LOW","name":"PRIORITY_LOW","type":"float","value":0.25},"CACHE_POLICY_NETWORK_ONLY":{"proxyName":"CACHE_POLICY_NETWORK_ONLY","name":"CACHE_POLICY_NETWORK_ONLY","type":"java.lang.String","value":"network-only"},"RETRY_BACKOFF_EXPONENTIAL":{"proxyName":"RETRY_BACKOFF_EXPONENTIAL","name":"RETRY_BACKOFF_EXPONENTIAL","type":"java.lang.String","value":"exponential"},"PRIORITY_HIGH":{"proxyName":"PRIORITY_HIGH","name":"PRIORITY_HIGH","type":"float","value":0.75},"CACHE_POLICY_NETWORK_FIRST":{"proxyName":"CACHE_POLICY_NETWORK_FIRST","name":"CACHE_POLICY_NETWORK_FIRST","type":"java.lang.String","value":"network-first"}},"isTitaniumSdk":false,"superProxyClassName":"KrollModule","isModule":true,"genClassName":"TiNetworkManagerModuleBindingGen"},"ti.network.manager.TNMWebSocketProxy":{"superPackageName":"org.appcelerator.kroll","methods":{"sendBinary":{"runOnUiThread":false,"hasInvocation":false,"args":[{"converter":"org.appcelerator.kroll.KrollConverter","defaultValueProvider":"org.appcelerator.kroll.KrollConverter","name":"base64Data","sourceName":"base64Data","type":"java.lang.String"}],"apiName":"sendBinary","converter":"org.appcelerator.kroll.KrollConverter","defaultValueProvider":"org.appcelerator.kroll.KrollConverter","name":"__default_name__","returnType":"void"},"ping":{"runOnUiThread":false,"hasInvocation":false,"args":[],"apiName":"ping","converter":"org.appcelerator.kroll.KrollConverter","defaultValueProvider":"org.appcelerator.kroll.KrollConverter","name":"__default_name__","returnType":"void"},"send":{"runOnUiThread":false,"hasInvocation":false,"args":[{"converter":"org.appcelerator.kroll.KrollConverter","defaultValueProvider":"org.appcelerator.kroll.KrollConverter","name":"message","sourceName":"message","type":"java.lang.String"}],"apiName":"send","converter":"org.appcelerator.kroll.KrollConverter","defaultValueProvider":"org.appcelerator.kroll.KrollConverter","name":"__default_name__","returnType":"void"},"close":{"runOnUiThread":false,"hasInvocation":false,"args":[{"converter":"org.appcelerator.kroll.KrollConverter","defaultValueProvider":"org.appcelerator.kroll.KrollConverter","name":"args","sourceName":"args","type":"java.lang.Object[]"}],"apiName":"close","converter":"org.appcelerator.kroll.KrollConverter","defaultValueProvider":"org.appcelerator.kroll.KrollConverter","name":"__default_name__","returnType":"void"},"connect":{"runOnUiThread":false,"hasInvocation":false,"args":[],"apiName":"connect","converter":"org.appcelerator.kroll.KrollConverter","defaultValueProvider":"org.appcelerator.kroll.KrollConverter","name":"__default_name__","returnType":"void"}},"superProxyBindingClassName":"org.appcelerator.kroll.KrollProxyBindingGen","proxyClassName":"TNMWebSocketProxy","proxyAttrs":{"propertyAccessors":[],"fullAPIName":"TiNetworkManager.TNMWebSocket","name":"TNMWebSocket","proxyClassName":"ti.network.manager.TNMWebSocketProxy","isTopLevel":false,"id":"ti.network.manager.TNMWebSocketProxy","creatableInModule":"ti.network.manager.TiNetworkManagerModule","parentModule":"org.appcelerator.kroll.annotations.Kroll.DEFAULT"},"packageName":"ti.network.manager","sourceName":"ti.network.manager.TNMWebSocketProxyBindingGen","isTitaniumSdk":false,"superProxyClassName":"KrollProxy","isModule":false,"genClassName":"TNMWebSocketProxyBindingGen"},"ti.network.manager.TNMRequestProxy":{"superPackageName":"org.appcelerator.kroll","methods":{"cancel":{"runOnUiThread":false,"hasInvocation":false,"args":[],"apiName":"cancel","converter":"org.appcelerator.kroll.KrollConverter","defaultValueProvider":"org.appcelerator.kroll.KrollConverter","name":"__default_name__","returnType":"void"},"send":{"runOnUiThread":false,"hasInvocation":false,"args":[],"apiName":"send","converter":"org.appcelerator.kroll.KrollConverter","defaultValueProvider":"org.appcelerator.kroll.KrollConverter","name":"__default_name__","returnType":"void"}},"superProxyBindingClassName":"org.appcelerator.kroll.KrollProxyBindingGen","proxyClassName":"TNMRequestProxy","proxyAttrs":{"propertyAccessors":[],"fullAPIName":"TiNetworkManager.TNMRequest","name":"TNMRequest","proxyClassName":"ti.network.manager.TNMRequestProxy","isTopLevel":false,"id":"ti.network.manager.TNMRequestProxy","creatableInModule":"ti.network.manager.TiNetworkManagerModule","parentModule":"org.appcelerator.kroll.annotations.Kroll.DEFAULT"},"packageName":"ti.network.manager","sourceName":"ti.network.manager.TNMRequestProxyBindingGen","isTitaniumSdk":false,"superProxyClassName":"KrollProxy","isModule":false,"genClassName":"TNMRequestProxyBindingGen"}},"modules":{"ti.network.manager.TiNetworkManagerModule":{"apiName":"TiNetworkManager","createProxies":[{"propertyAccessors":[],"fullAPIName":"TiNetworkManager.TNMBackgroundTransfer","name":"TNMBackgroundTransfer","proxyClassName":"ti.network.manager.TNMBackgroundTransferProxy","isTopLevel":false,"id":"ti.network.manager.TNMBackgroundTransferProxy","creatableInModule":"ti.network.manager.TiNetworkManagerModule","parentModule":"org.appcelerator.kroll.annotations.Kroll.DEFAULT"},{"propertyAccessors":[],"fullAPIName":"TiNetworkManager.TNMWebSocket","name":"TNMWebSocket","proxyClassName":"ti.network.manager.TNMWebSocketProxy","isTopLevel":false,"id":"ti.network.manager.TNMWebSocketProxy","creatableInModule":"ti.network.manager.TiNetworkManagerModule","parentModule":"org.appcelerator.kroll.annotations.Kroll.DEFAULT"},{"propertyAccessors":[],"fullAPIName":"TiNetworkManager.TNMRequest","name":"TNMRequest","proxyClassName":"ti.network.manager.TNMRequestProxy","isTopLevel":false,"id":"ti.network.manager.TNMRequestProxy","creatableInModule":"ti.network.manager.TiNetworkManagerModule","parentModule":"org.appcelerator.kroll.annotations.Kroll.DEFAULT"},{"propertyAccessors":[],"fullAPIName":"TiNetworkManager.TiHTTPStream","name":"TiHTTPStream","proxyClassName":"ti.network.manager.TiHTTPStreamProxy","isTopLevel":false,"id":"ti.network.manager.TiHTTPStreamProxy","creatableInModule":"ti.network.manager.TiNetworkManagerModule","parentModule":"org.appcelerator.kroll.annotations.Kroll.DEFAULT"},{"propertyAccessors":[],"fullAPIName":"TiNetworkManager.TNMMultipartUpload","name":"TNMMultipartUpload","proxyClassName":"ti.network.manager.TNMMultipartUploadProxy","isTopLevel":false,"id":"ti.network.manager.TNMMultipartUploadProxy","creatableInModule":"ti.network.manager.TiNetworkManagerModule","parentModule":"org.appcelerator.kroll.annotations.Kroll.DEFAULT"}]}}}